order,moment
+1,-3.666157998e-01
+2,+1.139837321e+01
+3,-9.309960336e-01
+4,+2.512198618e+01
