order,moment
+1,+2.89685e+01
+2,+1.01806e+03
+3,+2.88537e+00
+4,+2.83617e+03
